<?xml version="1.0" encoding="UTF-8"?>
<makePES>
   <minfoFile   value="./H3O-20H2O_new.minfo" />
   <MR          value="3" />
   <activemode   value="4-12, 18-21, 27-30, 36-39, 45-48, 54-57, 63-66, 72-75, 81-84, 90-93, 99-102, 108-111, 117-120, 126-129, 135-138, 144-147, 153-156, 162-165, 171-174, 180-183, 189-192" />
   <dipole      value="true" />
   <qchem>
      <program  value="generic" />
      <title    value="CCSD" />
      <xyzfile  value="makeGrid" />
   </qchem>
   <grid>
      <ngrid  value="5" />
      <mcstrength value="10"/>
      <mopfile    value="./prop_no_1.mop"/>
   </grid>
</makePES>
 

